Rk,Age,Name, Pos, GP, G, A, P, PIM, +/-, PPG, SHG, GWG, G/GP, A/GP, P/GP,
1,30,Mario Lemieux,F,70,69,92,161,54,10,31,8,8,0.986,1.314,2.300,
2,23,Jaromir Jagr,F,82,62,87,149,96,31,20,1,12,0.756,1.061,1.817,
3,26,Joe Sakic,F,82,51,69,120,44,14,17,6,7,0.622,0.841,1.463,
4,32,Ron Francis,F,77,27,92,119,56,25,12,1,4,0.351,1.195,1.545,
5,22,Peter Forsberg,F,82,30,86,116,47,26,7,3,3,0.366,1.049,1.415,
6,22,Eric Lindros,F,73,47,68,115,163,26,15,0,4,0.644,0.932,1.575,
7,21,Paul Kariya,F,82,50,58,108,20,9,20,3,9,0.610,0.707,1.317,
8,25,Teemu Selanne,F,79,40,68,108,22,5,9,1,5,0.506,0.861,1.367,
9,26,Alexander Mogilny,F,79,55,52,107,16,14,10,5,6,0.696,0.658,1.354,
10,26,Sergei Fedorov,F,78,39,68,107,48,49,11,3,11,0.500,0.872,1.372,
11,24,Doug Weight,F,82,25,79,104,95,-19,9,0,2,0.305,0.963,1.268,
12,34,Wayne Gretzky,F,80,23,79,102,34,-13,6,1,3,0.288,0.988,1.275,
13,34,Mark Messier,F,74,47,52,99,122,29,14,1,5,0.635,0.703,1.338,
14,24,Petr Nedved,F,80,45,54,99,68,37,8,1,5,0.563,0.675,1.238,
15,23,Keith Tkachuk,F,76,50,48,98,156,11,20,2,6,0.658,0.632,1.289,
16,26,John Leclair,F,82,51,46,97,64,21,19,0,10,0.622,0.561,1.183,
17,27,Theoren Fleury,F,80,46,50,96,112,17,17,5,4,0.575,0.625,1.200,
18,26,Pierre Turgeon,F,80,38,58,96,44,19,17,1,6,0.475,0.725,1.200,
19,30,Steve Yzerman,F,80,36,59,95,64,29,16,2,8,0.450,0.738,1.188,
20,28,Vincent Damphousse,F,80,38,56,94,158,5,11,4,3,0.475,0.700,1.175,
21,33,Adam Oates,F,70,25,67,92,18,16,7,1,2,0.357,0.957,1.314,
22,30,Pat Lafontaine,F,76,40,51,91,36,-8,15,3,7,0.526,0.671,1.197,
23,23,Zigmund Palffy,F,81,43,44,87,56,-17,17,1,6,0.531,0.543,1.074,
24,25,Rod Brind'Amour,F,82,26,61,87,110,20,4,4,5,0.317,0.744,1.061,
25,29,Valeri Kamensky,F,81,38,47,85,85,14,18,1,5,0.469,0.580,1.049,
26,27,Brian Leetch,D,82,15,70,85,30,12,7,0,3,0.183,0.854,1.037,
27,31,Brett Hull,F,70,43,40,83,30,4,16,5,6,0.614,0.571,1.186,
28,24,Mats Sundin,F,76,33,50,83,46,8,7,6,7,0.434,0.658,1.092,
29,31,Pat Verbeek,F,69,41,41,82,129,29,17,0,6,0.594,0.594,1.188,
30,28,Craig Janney,F,84,20,62,82,26,-33,7,0,2,0.238,0.738,0.976,
31,35,Ray Bourque,D,82,20,62,82,58,31,9,2,2,0.244,0.756,1.000,
32,25,Mike Modano,F,78,36,45,81,63,-12,8,4,4,0.462,0.577,1.038,
33,29,Michal Pivonka,F,73,16,65,81,36,18,6,2,5,0.219,0.890,1.110,
34,27,Peter Bondra,F,67,52,28,80,40,18,11,4,7,0.776,0.418,1.194,
35,25,Trevor Linden,F,82,33,47,80,42,6,12,1,2,0.402,0.573,0.976,
36,30,Brian Bradley,F,75,23,56,79,77,-11,9,0,5,0.307,0.747,1.053,
37,26,Brendan Shanahan,F,74,44,34,78,125,2,17,2,6,0.595,0.459,1.054,
38,27,Mark Recchi,F,82,28,50,78,69,20,11,2,6,0.341,0.610,0.951,
39,24,Martin Rucinsky,F,78,29,46,75,68,18,9,2,4,0.372,0.590,0.962,
40,34,Paul Coffey,D,76,14,60,74,90,19,3,1,3,0.184,0.789,0.974,
41,23,Vyacheslav Kozlov,F,82,36,37,73,70,33,9,0,7,0.439,0.451,0.890,
42,35,Igor Larionov,F,73,22,51,73,34,31,10,1,5,0.301,0.699,1.000,
43,32,Doug Gilmour,F,81,32,40,72,77,-5,10,2,3,0.395,0.494,0.889,
44,33,Chris Chelios,D,81,14,58,72,140,25,7,0,3,0.173,0.716,0.889,
45,30,Claude Lemieux,F,79,39,32,71,117,14,9,2,10,0.494,0.405,0.899,
46,31,Tomas Sandstrom,F,58,35,35,70,69,4,17,1,2,0.603,0.603,1.207,
47,29,Scott Mellanby,F,79,32,38,70,160,4,19,0,3,0.405,0.481,0.886,
48,26,Zdeno Ciger,F,78,31,39,70,41,-15,12,0,3,0.397,0.500,0.897,
49,25,Travis Green,F,69,25,45,70,42,-20,14,1,2,0.362,0.652,1.014,
50,23,Owen Nolan,F,81,33,36,69,146,-33,16,1,2,0.407,0.444,0.852,
51,29,Luc Robitaille,F,77,23,46,69,80,13,11,0,4,0.299,0.597,0.896,
52,31,Phil Housley,D,81,17,51,68,30,-6,6,0,1,0.210,0.630,0.840,
53,25,Jeremy Roenick,F,66,32,35,67,109,9,12,4,2,0.485,0.530,1.015,
54,30,German Titov,F,82,28,39,67,24,9,13,2,2,0.341,0.476,0.817,
55,30,Cliff Ronning,F,79,22,45,67,42,16,5,0,1,0.278,0.570,0.848,
56,31,Gary Suter,D,82,20,47,67,80,3,12,2,4,0.244,0.573,0.817,
57,25,Nicklas Lidstrom,D,81,17,50,67,20,29,8,1,1,0.210,0.617,0.827,
58,25,Sergei Zubov,D,64,11,55,66,22,28,3,2,1,0.172,0.859,1.031,
59,23,Geoff Sanderson,F,81,34,31,65,40,0,6,0,7,0.420,0.383,0.802,
60,30,Russ Courtnall,F,81,26,39,65,40,25,6,4,4,0.321,0.481,0.802,
61,21,Roman Hamrlik,D,82,16,49,65,103,-24,12,0,2,0.195,0.598,0.793,
62,26,Dmitri Khristich,F,76,27,37,64,44,0,12,0,3,0.355,0.487,0.842,
63,24,Bryan Smolinski,F,81,24,40,64,69,6,8,2,1,0.296,0.494,0.790,
64,29,Benoit Hogue,F,78,19,45,64,104,10,5,0,5,0.244,0.577,0.821,
65,27,Joe Juneau,F,80,14,50,64,30,-3,7,2,2,0.175,0.625,0.800,
66,25,Tony Amonte,F,81,31,32,63,62,10,5,4,5,0.383,0.395,0.778,
67,26,Andrew Cassels,F,81,20,43,63,39,8,6,0,1,0.247,0.531,0.778,
68,23,Daniel Alfredsson,F,82,26,35,61,28,-18,8,2,3,0.317,0.427,0.744,
69,21,Rob Niedermayer,F,82,26,35,61,107,1,11,0,6,0.317,0.427,0.744,
70,32,Steve Thomas,F,81,26,35,61,98,-2,6,0,6,0.321,0.432,0.753,
71,32,Dale Hawerchuk,F,82,17,44,61,26,15,6,0,2,0.207,0.537,0.744,
72,32,Al MacInnis,D,82,17,44,61,88,5,9,1,1,0.207,0.537,0.744,
73,34,Larry Murphy,D,82,12,49,61,34,-2,8,0,1,0.146,0.598,0.744,
74,29,Ray Sheppard,F,70,37,23,60,16,-19,14,0,7,0.529,0.329,0.857,
75,31,Ray Ferraro,F,76,29,31,60,92,0,9,0,4,0.382,0.408,0.789,
76,31,Rick Tocchet,F,71,29,31,60,181,10,10,0,3,0.408,0.437,0.845,
77,28,Scott Young,F,81,21,39,60,50,2,7,0,5,0.259,0.481,0.741,
78,34,Bernie Nicholls,F,59,19,41,60,60,11,6,0,2,0.322,0.695,1.017,
79,21,Jason Arnott,F,64,28,31,59,87,-6,8,0,5,0.438,0.484,0.922,
80,25,Alexei Zhamnov,F,58,22,37,59,65,-4,5,0,2,0.379,0.638,1.017,
81,29,Wendel Clark,F,71,32,26,58,76,-5,8,0,3,0.451,0.366,0.817,
82,28,Nelson Emerson,F,81,29,29,58,78,-7,12,2,5,0.358,0.358,0.716,
83,29,Randy Burridge,F,74,25,33,58,30,0,6,0,3,0.338,0.446,0.784,
84,22,Alexei Kovalev,F,81,24,34,58,98,5,8,1,7,0.296,0.420,0.716,
85,27,Adam Graves,F,82,22,36,58,100,18,9,1,2,0.268,0.439,0.707,
86,32,Dave Andreychuk,F,76,28,29,57,64,-9,14,2,3,0.368,0.382,0.750,
87,26,Robert Svehla,D,81,8,49,57,94,-3,7,0,0,0.099,0.605,0.704,
88,25,Martin Gelinas,F,81,30,26,56,59,8,3,4,5,0.370,0.321,0.691,
89,25,Andrei Kovalenko,F,77,28,28,56,49,20,6,0,6,0.364,0.364,0.727,
90,24,Derek Plante,F,76,23,33,56,28,-4,4,0,5,0.303,0.434,0.737,
91,22,Markus Naslund,F,76,22,33,55,42,20,4,0,5,0.289,0.434,0.724,
92,23,Michael Nylander,F,73,17,38,55,20,0,4,0,6,0.233,0.521,0.753,
93,29,Jeff Brown,D,76,8,47,55,56,8,5,0,0,0.105,0.618,0.724,
94,36,Mike Gartner,F,82,35,19,54,52,5,15,0,4,0.427,0.232,0.659,
95,23,Jozef Stumpel,F,76,18,36,54,14,-8,5,0,2,0.237,0.474,0.711,
96,29,Jyrki Lumme,D,80,17,37,54,50,-9,8,0,2,0.213,0.463,0.675,
97,23,Sandis Ozolinsh,D,73,14,40,54,54,2,8,1,1,0.192,0.548,0.740,
98,26,Mathieu Schneider,D,78,13,41,54,103,-20,7,0,1,0.167,0.526,0.692,
99,27,Teppo Numminen,D,74,11,43,54,22,-4,6,0,3,0.149,0.581,0.730,
100,32,Garry Galley,D,78,10,44,54,81,-2,7,1,2,0.128,0.564,0.692,
101,20,Eric Daze,F,80,30,23,53,18,16,2,0,2,0.375,0.288,0.663,
102,30,Kevin Miller,F,81,28,25,53,45,-4,3,2,2,0.346,0.309,0.654,
103,26,Shawn McEachern,F,82,24,29,53,34,-5,3,2,3,0.293,0.354,0.646,
104,25,Bill Guerin,F,80,23,30,53,116,7,8,0,6,0.288,0.375,0.663,
105,20,Vitali Yachmenev,F,80,19,34,53,16,-3,6,1,2,0.238,0.425,0.663,
106,31,Norm MacIver,D,71,7,46,53,58,6,3,0,0,0.099,0.648,0.746,
107,24,Alexander Selivanov,F,79,31,21,52,93,3,13,0,5,0.392,0.266,0.658,
108,24,Keith Primeau,F,74,27,25,52,168,19,6,2,7,0.365,0.338,0.703,
109,31,Petr Klima,F,67,22,30,52,68,-25,8,0,3,0.328,0.448,0.776,
110,23,Pat Falloon,F,71,25,26,51,10,14,9,0,2,0.352,0.366,0.718,
111,27,Johan Garpenlov,F,82,23,28,51,36,-10,8,0,7,0.280,0.341,0.622,
112,25,Roman Oksiuta,F,70,23,28,51,60,4,11,0,1,0.329,0.400,0.729,
113,25,Igor Korolev,F,73,22,29,51,42,1,8,0,5,0.301,0.397,0.699,
114,28,Joe Murphy,F,70,22,29,51,86,-3,8,0,3,0.314,0.414,0.729,
115,22,Andrei Nikolishin,F,61,14,37,51,34,-2,4,1,3,0.230,0.607,0.836,
116,22,Jason Dawe,F,67,25,25,50,33,-8,8,1,0,0.373,0.373,0.746,
117,28,Robert Kron,F,77,22,28,50,6,-1,8,1,3,0.286,0.364,0.649,
118,31,John Cullen,F,76,16,34,50,65,1,8,0,3,0.211,0.447,0.658,
119,29,Ed Olczyk,F,51,27,22,49,65,0,16,0,1,0.529,0.431,0.961,
120,24,Yanic Perreault,F,78,25,24,49,16,-11,8,3,7,0.321,0.308,0.628,
121,26,Ted Donato,F,82,23,26,49,46,6,7,0,1,0.280,0.317,0.598,
122,31,Brian Bellows,F,79,23,26,49,39,-14,13,0,4,0.291,0.329,0.620,
123,31,Dave Gagner,F,73,21,28,49,103,-19,7,0,3,0.288,0.384,0.671,
124,20,Adam Deadmarsh,F,78,21,27,48,142,20,3,0,2,0.269,0.346,0.615,
125,31,John MacLean,F,76,20,28,48,91,3,3,3,3,0.263,0.368,0.632,
126,30,Todd Krygier,F,76,15,33,48,82,-1,3,1,0,0.197,0.434,0.632,
127,34,Denis Savard,F,69,13,35,48,102,20,2,0,1,0.188,0.507,0.696,
128,31,Murray Craven,F,66,18,29,47,36,20,5,1,7,0.273,0.439,0.712,
129,26,Eric Desjardins,D,80,7,40,47,45,19,5,0,2,0.088,0.500,0.588,
130,30,Cam Neely,F,49,26,20,46,31,3,7,0,3,0.531,0.408,0.939,
131,29,Shayne Corson,F,77,18,28,46,192,3,13,0,0,0.234,0.364,0.597,
132,19,Jeff Friesen,F,79,15,31,46,42,-19,2,0,0,0.190,0.392,0.582,
133,29,Todd Elik,F,59,13,33,46,40,2,6,0,2,0.220,0.559,0.780,
134,25,Marty McInnis,F,74,12,34,46,39,-11,2,0,1,0.162,0.459,0.622,
135,23,Steve Konowalchuk,F,70,23,22,45,92,13,7,1,3,0.329,0.314,0.643,
136,21,Saku Koivu,F,82,20,25,45,40,-7,8,3,2,0.244,0.305,0.549,
137,35,Jari Kurri,F,71,18,27,45,39,-16,5,1,0,0.254,0.380,0.634,
138,30,Dan Quinn,F,63,13,32,45,46,-6,7,0,0,0.206,0.508,0.714,
139,31,David Reid,F,63,23,21,44,4,14,1,6,3,0.365,0.333,0.698,
140,25,Stu Barnes,F,72,19,25,44,46,-12,8,0,5,0.264,0.347,0.611,
141,24,Steve Rucchin,F,64,19,25,44,12,3,8,1,4,0.297,0.391,0.688,
142,24,Brad May,F,79,15,29,44,295,6,3,0,4,0.190,0.367,0.557,
143,30,Esa Tikkanen,F,58,14,30,44,36,1,8,1,2,0.241,0.517,0.759,
144,23,Mikael Renberg,F,51,23,20,43,45,8,9,0,4,0.451,0.392,0.843,
145,27,Darren Turcotte,F,68,22,21,43,30,5,2,1,4,0.324,0.309,0.632,
146,32,Greg Adams,F,66,22,21,43,33,-21,11,1,1,0.333,0.318,0.652,
147,35,Dino Ciccarelli,F,64,22,21,43,99,14,13,0,5,0.344,0.328,0.672,
148,27,Kevin Todd,F,74,16,27,43,38,6,0,2,4,0.216,0.365,0.581,
149,23,Martin Straka,F,77,13,30,43,41,-19,6,0,1,0.169,0.390,0.558,
150,21,Valeri Bure,F,77,22,20,42,28,10,5,0,1,0.286,0.260,0.545,
151,29,Gary Roberts,F,35,22,20,42,78,15,9,0,5,0.629,0.571,1.200,
152,28,Brent Gilchrist,F,77,20,22,42,36,-11,6,1,2,0.260,0.286,0.545,
153,19,Petr Sykora,F,63,18,24,42,32,7,8,0,3,0.286,0.381,0.667,
154,37,Vyacheslav Fetisov,D,69,7,35,42,96,37,1,1,1,0.101,0.507,0.609,
155,26,Jesse Belanger,F,72,20,21,41,14,-5,8,0,2,0.278,0.292,0.569,
156,27,Keith Jones,F,68,18,23,41,103,8,5,0,2,0.265,0.338,0.603,
157,23,Ray Whitney,F,60,17,24,41,16,-23,4,2,2,0.283,0.400,0.683,
158,21,Sergei Gonchar,D,78,15,26,41,60,25,4,0,4,0.192,0.333,0.526,
159,29,Kevin Hatcher,D,74,15,26,41,58,-24,7,0,3,0.203,0.351,0.554,
160,34,Joel Otto,F,67,12,29,41,115,11,6,1,1,0.179,0.433,0.612,
161,33,Geoff Courtnall,F,69,24,16,40,101,-9,7,1,1,0.348,0.232,0.580,
162,30,Bob Probert,F,78,19,21,40,237,15,1,0,3,0.244,0.269,0.513,
163,24,Greg Johnson,F,60,18,22,40,30,6,5,0,2,0.300,0.367,0.667,
164,23,Mariusz Czerkawski,F,70,17,23,40,18,-4,3,0,1,0.243,0.329,0.571,
165,33,Brent Sutter,F,80,13,27,40,56,14,0,0,3,0.163,0.338,0.500,
166,24,David Oliver,F,80,20,19,39,34,-22,14,0,0,0.250,0.238,0.488,
167,26,Dallas Drake,F,69,19,20,39,36,-7,4,4,2,0.275,0.290,0.565,
168,20,Todd Bertuzzi,F,76,18,21,39,83,-14,4,0,2,0.237,0.276,0.513,
169,22,Alexei Yashin,F,46,15,24,39,28,-15,8,0,1,0.326,0.522,0.848,
170,24,Marcus Ragnarsson,D,71,8,31,39,42,-24,4,0,0,0.113,0.437,0.549,
171,22,Todd Marchant,F,81,19,19,38,66,-19,2,3,2,0.235,0.235,0.469,
172,20,Chris Gratton,F,82,17,21,38,105,-13,7,0,3,0.207,0.256,0.463,
173,24,Mike Sillinger,F,74,14,24,38,38,-18,7,1,2,0.189,0.324,0.514,
174,29,Sylvain Cote,D,81,5,33,38,40,5,3,0,2,0.062,0.407,0.469,
175,26,Jody Hull,F,78,20,17,37,25,5,2,0,3,0.256,0.218,0.474,
176,35,Dale Hunter,F,82,13,24,37,112,5,4,0,3,0.159,0.293,0.451,
177,33,Bruce Driver,D,66,3,34,37,42,2,3,0,0,0.045,0.515,0.561,
178,34,Randy Cunneyworth,F,81,17,19,36,130,-31,4,0,2,0.210,0.235,0.444,
179,22,Pat Peake,F,62,17,19,36,46,7,8,0,3,0.274,0.306,0.581,
180,30,Kevin Stevens,F,61,13,23,36,71,-10,6,0,1,0.213,0.377,0.590,
181,30,Steve Duchesne,D,62,12,24,36,42,-23,7,0,2,0.194,0.387,0.581,
182,24,Patrice Brisebois,D,69,9,27,36,65,10,3,0,1,0.130,0.391,0.522,
183,23,Alexei Zhitnik,D,80,6,30,36,58,-25,5,0,0,0.075,0.375,0.450,
184,21,Miroslav Satan,F,62,18,17,35,22,0,6,0,4,0.290,0.274,0.565,
185,31,Tony Granato,F,49,17,18,35,46,-5,5,0,1,0.347,0.367,0.714,
186,19,Radek Bonk,F,76,16,19,35,36,-5,5,0,1,0.211,0.250,0.461,
187,22,Cory Stillman,F,74,16,19,35,41,-5,4,1,3,0.216,0.257,0.473,
188,26,Rob Zamuner,F,72,15,20,35,62,11,0,3,4,0.208,0.278,0.486,
189,30,Brian Noonan,F,81,13,22,35,84,2,3,1,6,0.160,0.272,0.432,
190,28,Calle Johansson,D,78,10,25,35,50,13,4,0,0,0.128,0.321,0.449,
191,32,James Patrick,D,80,3,32,35,30,3,1,0,0,0.038,0.400,0.438,
192,29,Alexander Semak,F,69,20,14,34,68,-4,6,0,2,0.290,0.203,0.493,
193,28,Brent Fedyk,F,65,20,14,34,54,-16,8,0,0,0.308,0.215,0.523,
194,23,Chris Simon,F,64,16,18,34,250,10,4,0,1,0.250,0.281,0.531,
195,28,Vladimir Konstantinov,D,81,14,20,34,139,60,3,1,3,0.173,0.247,0.420,
196,27,Tom Fitzgerald,F,82,13,21,34,75,-3,1,6,2,0.159,0.256,0.415,
197,24,Bill Lindsay,F,73,12,22,34,57,13,0,3,2,0.164,0.301,0.466,
198,26,Jason Woolley,D,52,6,28,34,32,-9,3,0,0,0.115,0.538,0.654,
199,30,Dmitri Mironov,D,72,3,31,34,88,19,1,0,1,0.042,0.431,0.472,
200,24,Brian Savage,F,75,25,8,33,28,-8,4,0,4,0.333,0.107,0.440,
201,29,Jamie Baker,F,77,16,17,33,79,-19,2,6,0,0.208,0.221,0.429,
202,32,Marty McSorley,D,68,10,23,33,169,-20,1,1,1,0.147,0.338,0.485,
203,22,Scott Niedermayer,D,79,8,25,33,46,5,6,0,0,0.101,0.316,0.418,
204,28,Steve Chiasson,D,76,8,25,33,62,3,5,0,2,0.105,0.329,0.434,
205,29,Stephane Richer,F,73,20,12,32,30,-8,3,4,3,0.274,0.164,0.438,
206,31,Sergei Nemchinov,F,78,17,15,32,38,9,0,0,2,0.218,0.192,0.410,
207,24,Eric Lacroix,F,72,16,16,32,110,-11,3,0,1,0.222,0.222,0.444,
208,29,Joe Nieuwendyk,F,52,14,18,32,41,-17,8,0,3,0.269,0.346,0.615,
209,29,Kirk Muller,F,51,13,19,32,57,-13,7,0,1,0.255,0.373,0.627,
210,28,Derek King,F,61,12,20,32,23,-10,5,1,0,0.197,0.328,0.525,
211,31,Bob Errey,F,71,11,21,32,66,30,2,2,2,0.155,0.296,0.451,
212,23,Boris Mironov,D,78,8,24,32,101,-23,7,0,1,0.103,0.308,0.410,
213,29,Paul Ysebaert,F,55,16,15,31,16,-19,4,1,1,0.291,0.273,0.564,
214,22,Matthew Barnaby,F,73,15,16,31,335,-2,0,0,0,0.205,0.219,0.425,
215,21,Mike Peca,F,68,11,20,31,67,-1,4,3,1,0.162,0.294,0.456,
216,23,Derian Hatcher,D,79,8,23,31,129,-12,2,0,1,0.101,0.291,0.392,
217,30,Jeff Norton,D,66,8,23,31,42,9,1,0,2,0.121,0.348,0.470,
218,22,Dean McAmmond,F,53,15,15,30,23,6,4,0,0,0.283,0.283,0.566,
219,24,Bobby Holik,F,63,13,17,30,58,9,1,0,1,0.206,0.270,0.476,
220,29,Paul Ranheim,F,73,10,20,30,14,-2,0,1,1,0.137,0.274,0.411,
221,30,Bobby Dollas,D,82,8,22,30,64,9,0,1,1,0.098,0.268,0.366,
222,28,Gord Murphy,D,70,8,22,30,30,5,4,0,0,0.114,0.314,0.429,
223,28,Dave Manson,D,82,7,23,30,205,8,3,0,0,0.085,0.280,0.366,
224,19,Oleg Tverdovsky,D,82,7,23,30,41,-7,2,0,0,0.085,0.280,0.366,
225,21,Kenny Jonsson,D,66,4,26,30,32,7,3,0,1,0.061,0.394,0.455,
226,26,Sandy Moger,F,80,15,14,29,65,-9,4,0,6,0.188,0.175,0.363,
227,29,Tom Chorske,F,72,15,14,29,21,-9,0,2,1,0.208,0.194,0.403,
228,23,Darren McCarty,F,63,15,14,29,158,14,8,0,1,0.238,0.222,0.460,
229,23,Glen Murray,F,69,14,15,29,57,4,0,0,2,0.203,0.217,0.420,
230,29,John Druce,F,77,13,16,29,27,-20,0,0,0,0.169,0.208,0.377,
231,27,Zarley Zalapski,D,80,12,17,29,115,11,5,0,1,0.150,0.213,0.363,
232,20,Todd Harvey,F,69,9,20,29,136,-13,3,0,1,0.130,0.290,0.420,
233,31,Yuri Khmylev,F,73,8,21,29,40,-17,5,1,1,0.110,0.288,0.397,
234,25,Bret Hedican,D,77,6,23,29,83,8,1,0,0,0.078,0.299,0.377,
235,29,Petr Svoboda,D,73,1,28,29,105,28,0,0,0,0.014,0.384,0.397,
236,25,Steve Heinze,F,76,16,12,28,43,-3,0,1,3,0.211,0.158,0.368,
237,28,Ulf Dahlen,F,59,16,12,28,27,-21,5,0,2,0.271,0.203,0.475,
238,28,Mike Eastwood,F,80,14,14,28,20,-14,2,0,3,0.175,0.175,0.350,
239,29,Shawn Burr,F,81,13,15,28,119,4,1,0,2,0.160,0.185,0.346,
240,29,Steve Leach,F,73,11,17,28,108,-7,1,0,2,0.151,0.233,0.384,
241,22,Grant Marshall,F,70,9,19,28,111,0,0,0,0,0.129,0.271,0.400,
242,22,Jere Lehtinen,F,57,6,22,28,16,5,0,0,1,0.105,0.386,0.491,
243,31,Scott Stevens,D,82,5,23,28,100,7,2,1,1,0.061,0.280,0.341,
244,28,Bill Houlder,D,61,5,23,28,22,1,3,0,0,0.082,0.377,0.459,
245,27,Vladimir Malakhov,D,61,5,23,28,79,7,2,0,0,0.082,0.377,0.459,
246,29,Don Sweeney,D,77,4,24,28,42,-4,2,0,3,0.052,0.312,0.364,
247,29,Doug Bodger,D,73,4,24,28,68,-24,3,0,0,0.055,0.329,0.384,
248,18,Radek Dvorak,F,77,13,14,27,20,5,0,0,4,0.169,0.182,0.351,
249,26,Joe Sacco,F,76,13,14,27,40,1,1,2,2,0.171,0.184,0.355,
250,21,Stephane Yelle,F,71,13,14,27,30,15,0,2,1,0.183,0.197,0.380,
251,31,Doug Brown,F,62,12,15,27,4,11,0,1,1,0.194,0.242,0.435,
252,28,Mike Keane,F,73,10,17,27,46,-5,0,2,2,0.137,0.233,0.370,
253,19,Jeff O'Neill,F,65,8,19,27,40,-3,1,0,1,0.123,0.292,0.415,
254,32,Brian Skrudland,F,79,7,20,27,129,6,0,1,1,0.089,0.253,0.342,
255,28,Craig Wolanin,D,75,7,20,27,50,25,0,3,0,0.093,0.267,0.360,
256,24,Mike Ricci,F,62,6,21,27,52,1,3,0,1,0.097,0.339,0.435,
257,24,Niklas Andersson,F,47,14,12,26,12,-3,3,2,1,0.298,0.255,0.553,
258,26,Stephane Matteau,F,78,11,15,26,87,-8,4,0,2,0.141,0.192,0.333,
259,23,Mike Kennedy,F,61,9,17,26,48,-7,4,0,1,0.148,0.279,0.426,
260,33,Anatoli Semenov,F,56,4,22,26,24,-1,0,0,2,0.071,0.393,0.464,
261,27,Shjon Podein,F,79,15,10,25,89,25,0,4,4,0.190,0.127,0.316,
262,26,Donald Audette,F,23,12,13,25,18,0,8,0,1,0.522,0.565,1.087,
263,29,Kelly Buchberger,F,82,11,14,25,184,-20,0,2,3,0.134,0.171,0.305,
264,26,Tim Taylor,F,72,11,14,25,39,11,1,1,4,0.153,0.194,0.347,
265,23,Turner Stevenson,F,80,9,16,25,167,-2,0,0,2,0.113,0.200,0.313,
266,28,Shaun Van Allen,F,49,8,17,25,41,13,0,0,2,0.163,0.347,0.510,
267,21,Chris Pronger,D,78,7,18,25,110,-18,3,1,1,0.090,0.231,0.321,
268,30,Todd Gill,D,74,7,18,25,116,-15,1,0,2,0.095,0.243,0.338,
269,23,Craig Johnson,F,60,13,11,24,36,-8,4,0,0,0.217,0.183,0.400,
270,22,Brian Rolston,F,58,13,11,24,8,9,3,1,4,0.224,0.190,0.414,
271,28,Garry Valk,F,79,12,12,24,125,8,1,1,2,0.152,0.152,0.304,
272,30,Dave Lowry,F,63,10,14,24,36,-2,0,0,1,0.159,0.222,0.381,
273,29,Mike Stapleton,F,58,10,14,24,37,-4,3,1,0,0.172,0.241,0.414,
274,27,Glen Wesley,D,68,8,16,24,88,-9,6,0,1,0.118,0.235,0.353,
275,34,Grant Ledyard,D,73,5,19,24,20,-15,2,0,1,0.068,0.260,0.329,
276,25,Jason York,D,79,3,21,24,88,-7,0,0,0,0.038,0.266,0.304,
277,34,Dave Babych,D,53,3,21,24,38,-5,3,0,0,0.057,0.396,0.453,
278,29,Fredrik Olausson,D,56,2,22,24,38,-7,1,0,0,0.036,0.393,0.429,
279,30,Sergio Momesso,F,73,11,12,23,142,-13,6,0,1,0.151,0.164,0.315,
280,35,Guy Carbonneau,F,71,8,15,23,38,-2,0,2,1,0.113,0.211,0.324,
281,20,Bryan McCabe,D,82,7,16,23,156,-24,3,0,1,0.085,0.195,0.280,
282,29,Igor Kravchuk,D,66,7,16,23,34,-19,3,0,1,0.106,0.242,0.348,
283,32,Mike Hough,F,64,7,16,23,37,4,0,1,1,0.109,0.250,0.359,
284,36,Neal Broten,F,55,7,16,23,14,-3,1,1,1,0.127,0.291,0.418,
285,22,Philippe Boucher,D,53,7,16,23,31,-26,5,0,1,0.132,0.302,0.434,
286,27,Chris Tancill,F,45,7,16,23,20,-12,0,1,0,0.156,0.356,0.511,
287,24,Chris Therien,D,82,6,17,23,89,16,3,0,1,0.073,0.207,0.280,
288,26,Darrin Shannon,F,63,5,18,23,28,-5,0,0,1,0.079,0.286,0.365,
289,29,Shawn Chambers,D,64,2,21,23,18,1,2,0,1,0.031,0.328,0.359,
290,24,Steven Rice,F,59,10,12,22,47,-4,1,0,2,0.169,0.203,0.373,
291,22,Richard Matvichuk,D,73,6,16,22,71,4,0,0,1,0.082,0.219,0.301,
292,25,Robert Lang,F,68,6,16,22,10,-15,0,2,0,0.088,0.235,0.324,
293,27,Leif Rohlin,D,56,6,16,22,32,0,1,0,0,0.107,0.286,0.393,
294,31,Dave Ellett,D,80,3,19,22,59,-10,1,1,0,0.038,0.238,0.275,
295,20,Shean Donovan,F,74,13,8,21,39,-17,0,1,2,0.176,0.108,0.284,
296,28,Randy McKay,F,76,11,10,21,145,7,3,0,3,0.145,0.132,0.276,
297,30,Adam Creighton,F,61,11,10,21,78,0,2,0,3,0.180,0.164,0.344,
298,19,Ed Jovanovski,D,70,10,11,21,137,-3,2,0,2,0.143,0.157,0.300,
299,26,Alex Hicks,F,64,10,11,21,37,11,0,0,2,0.156,0.172,0.328,
300,20,Niklas Sundstrom,F,82,9,12,21,14,2,1,1,2,0.110,0.146,0.256,
301,27,Mike Sullivan,F,81,9,12,21,24,-6,0,1,1,0.111,0.148,0.259,
302,32,Randy Wood,F,76,8,13,21,62,-15,1,0,0,0.105,0.171,0.276,
303,30,Peter Zezel,F,57,8,13,21,12,-2,2,0,1,0.140,0.228,0.368,
304,25,Sean Hill,D,80,7,14,21,94,-26,2,0,2,0.088,0.175,0.263,
305,33,Troy Murray,F,63,7,14,21,22,15,0,0,1,0.111,0.222,0.333,
306,31,Corey Millen,F,44,7,14,21,18,8,2,0,1,0.159,0.318,0.477,
307,27,Rob Dimaio,F,59,6,15,21,58,0,1,1,0,0.102,0.254,0.356,
308,32,Mike Ridley,F,37,6,15,21,29,-3,2,0,1,0.162,0.405,0.568,
309,24,Jaroslav Modry,D,73,4,17,21,44,-21,1,0,1,0.055,0.233,0.288,
310,23,Brian Holzinger,F,58,10,10,20,37,-21,5,0,1,0.172,0.172,0.345,
311,29,Kris King,F,81,9,11,20,151,-7,0,1,2,0.111,0.136,0.247,
312,24,Mike Craig,F,70,8,12,20,42,-8,1,0,1,0.114,0.171,0.286,
313,32,Kelly Miller,F,74,7,13,20,30,7,0,2,1,0.095,0.176,0.270,
314,22,Jeff Shantz,F,78,6,14,20,24,12,1,2,0,0.077,0.179,0.256,
315,26,Josef Beranek,F,61,6,14,20,60,-11,0,0,1,0.098,0.230,0.328,
316,23,John Slaney,D,38,6,14,20,14,7,3,1,0,0.158,0.368,0.526,
317,23,Karl Dykhuis,D,82,5,15,20,101,12,1,0,0,0.061,0.183,0.244,
318,27,Jim Dowd,F,66,5,15,20,23,-9,0,0,0,0.076,0.227,0.303,
319,31,Alexei Gusarov,D,65,5,15,20,56,29,0,0,0,0.077,0.231,0.308,
320,22,Michal Sykora,D,79,4,16,20,54,-14,1,0,0,0.051,0.203,0.253,
321,23,Darryl Sydor,D,84,3,17,20,75,-12,2,0,0,0.036,0.202,0.238,
322,26,Mark Astley,D,60,2,18,20,80,-12,0,0,0,0.033,0.300,0.333,
323,26,Yves Racine,D,57,1,19,20,54,-10,0,0,0,0.018,0.333,0.351,
324,28,Bob Corkum,F,76,9,10,19,34,3,0,0,3,0.118,0.132,0.250,
325,29,Mikael Andersson,F,64,8,11,19,2,0,0,0,1,0.125,0.172,0.297,
326,24,Trent Klatt,F,71,7,12,19,44,2,0,0,2,0.099,0.169,0.268,
327,20,Viktor Kozlov,F,62,6,13,19,6,-15,1,0,0,0.097,0.210,0.306,
328,25,Keith Carney,D,82,5,14,19,94,31,1,0,1,0.061,0.171,0.232,
329,26,Chris Joseph,D,70,5,14,19,71,6,0,0,1,0.071,0.200,0.271,
330,26,Curtis Leschyshyn,D,77,4,15,19,73,32,0,0,1,0.052,0.195,0.247,
331,24,Dave Karpa,D,72,3,16,19,270,-3,0,1,1,0.042,0.222,0.264,
332,31,Ulf Samuelsson,D,74,1,18,19,122,9,0,0,0,0.014,0.243,0.257,
333,24,Scott Thornton,F,77,9,9,18,149,-25,0,2,3,0.117,0.117,0.234,
334,19,Jason Wiemer,F,66,9,9,18,81,-9,4,0,1,0.136,0.136,0.273,
335,27,Patrik Carnback,F,34,6,12,18,34,3,1,0,0,0.176,0.353,0.529,
336,19,Deron Quint,D,51,5,13,18,22,-2,2,0,0,0.098,0.255,0.353,
337,22,Adrian Aucoin,D,49,4,14,18,34,8,2,0,0,0.082,0.286,0.367,
338,26,Bryan Marchment,D,78,3,15,18,202,-7,0,0,0,0.038,0.192,0.231,
339,25,Alexander Karpovtsev,D,40,2,16,18,26,12,1,0,1,0.050,0.400,0.450,
340,24,Valeri Karpov,F,37,9,8,17,10,-1,0,0,1,0.243,0.216,0.459,
341,32,Patrick Flatley,F,56,8,9,17,21,-24,0,0,0,0.143,0.161,0.304,
342,19,Shane Doan,F,74,7,10,17,101,-9,1,0,3,0.095,0.135,0.230,
343,19,Chad Kilger,F,74,7,10,17,34,-4,0,0,1,0.095,0.135,0.230,
344,23,Darby Hendrickson,F,62,7,10,17,80,-8,0,0,1,0.113,0.161,0.274,
345,34,Dave Hannan,F,61,7,10,17,32,3,1,1,2,0.115,0.164,0.279,
346,21,Stefan Ustorf,F,48,7,10,17,14,8,0,0,1,0.146,0.208,0.354,
347,21,Pavol Demitra,F,31,7,10,17,6,-3,2,0,1,0.226,0.323,0.548,
348,21,Ian Laperriere,F,71,6,11,17,155,-11,1,0,1,0.085,0.155,0.239,
349,18,Kyle McLaren,D,74,5,12,17,73,16,0,0,0,0.068,0.162,0.230,
350,28,Mike Hudson,F,59,5,12,17,55,2,0,0,0,0.085,0.203,0.288,
351,20,Alexandre Daigle,F,50,5,12,17,24,-30,1,0,0,0.100,0.240,0.340,
352,27,Kerry Huffman,D,47,5,12,17,69,-18,3,0,1,0.106,0.255,0.362,
353,27,Darryl Shannon,D,74,4,13,17,92,15,0,0,0,0.054,0.176,0.230,
354,24,Jiri ?legr,D,57,4,13,17,74,-1,0,1,1,0.070,0.228,0.298,
355,27,Lyle Odelein,D,79,3,14,17,230,8,0,1,0,0.038,0.177,0.215,
356,28,Neil Wilkinson,D,62,3,14,17,120,12,0,1,1,0.048,0.226,0.274,
357,26,Jeff Odgers,F,78,12,4,16,192,-4,0,0,1,0.154,0.051,0.205,
358,23,Sandy McCarthy,F,75,9,7,16,173,-8,3,0,1,0.120,0.093,0.213,
359,24,Ted Drury,F,42,9,7,16,54,-19,1,0,1,0.214,0.167,0.381,
360,28,Tim Sweeney,F,41,8,8,16,14,4,1,0,2,0.195,0.195,0.390,
361,24,Kris Draper,F,52,7,9,16,32,2,0,1,0,0.135,0.173,0.308,
362,22,Patrick Poulin,F,46,7,9,16,16,7,1,0,0,0.152,0.196,0.348,
363,21,Sergei Krivokrasov,F,46,6,10,16,32,10,0,0,1,0.130,0.217,0.348,
364,29,Pavel Torgajev,F,41,6,10,16,14,2,0,0,0,0.146,0.244,0.390,
365,28,Sylvain Lefebvre,D,75,5,11,16,49,26,2,0,0,0.067,0.147,0.213,
366,24,Adam Foote,D,73,5,11,16,88,27,1,0,1,0.068,0.151,0.219,
367,24,Cory Cross,D,75,2,14,16,66,4,0,0,0,0.027,0.187,0.213,
368,27,Stephane Quintal,D,68,2,14,16,117,-4,0,1,1,0.029,0.206,0.235,
369,28,Ronnie Stern,F,52,10,5,15,111,2,0,0,1,0.192,0.096,0.288,
370,38,Joe Mullen,F,37,8,7,15,0,-2,4,0,1,0.216,0.189,0.405,
371,29,Peter Douris,F,31,8,7,15,9,-3,2,0,3,0.258,0.226,0.484,
372,21,Todd Warriner,F,57,7,8,15,26,-11,1,0,0,0.123,0.140,0.263,
373,25,Antti Tormanen,F,50,7,8,15,28,-15,0,0,0,0.140,0.160,0.300,
374,27,Benoit Brunet,F,26,7,8,15,17,-4,3,1,4,0.269,0.308,0.577,
375,27,Valeri Zelepukin,F,61,6,9,15,107,-10,3,0,1,0.098,0.148,0.246,
376,29,Eric Weinrich,D,77,5,10,15,65,14,0,0,0,0.065,0.130,0.195,
377,29,Brent Hughes,F,76,5,10,15,148,-9,0,0,0,0.066,0.132,0.197,
378,25,Paul Kruse,F,75,3,12,15,145,-5,0,0,0,0.040,0.160,0.200,
379,25,Jon Klemm,D,56,3,12,15,20,12,0,1,1,0.054,0.214,0.268,
380,31,Bob Sweeney,F,72,7,7,14,65,-20,0,1,1,0.097,0.097,0.194,
381,20,Dave Roche,F,71,7,7,14,130,-5,0,0,1,0.099,0.099,0.197,
382,31,Dean Evason,F,67,7,7,14,38,-6,1,0,1,0.104,0.104,0.209,
383,21,Andrei Nazarov,F,42,7,7,14,62,-15,2,0,1,0.167,0.167,0.333,
384,30,Wayne Presley,F,80,6,8,14,85,3,1,1,2,0.075,0.100,0.175,
385,35,Glenn Anderson,F,32,6,8,14,33,-11,2,0,1,0.188,0.250,0.438,
386,25,Kevin Haller,D,69,5,9,14,92,18,0,2,2,0.072,0.130,0.203,
387,37,Craig MacTavish,F,68,5,9,14,70,-9,0,0,1,0.074,0.132,0.206,
388,35,Doug Lidster,D,59,5,9,14,50,11,0,0,0,0.085,0.153,0.237,
389,23,Trent McCleary,F,75,4,10,14,68,-15,0,1,0,0.053,0.133,0.187,
390,25,Chris Tamer,D,70,4,10,14,153,20,0,0,1,0.057,0.143,0.200,
391,32,Rick Zombo,D,67,4,10,14,53,-7,0,0,1,0.060,0.149,0.209,
392,28,Gary Shuchuk,F,33,4,10,14,12,3,0,0,0,0.121,0.303,0.424,
393,24,David Sacco,F,23,4,10,14,18,1,2,0,0,0.174,0.435,0.609,
394,30,Jeff Beukeboom,D,82,3,11,14,220,19,0,0,1,0.037,0.134,0.171,
395,37,Kjell Samuelsson,D,75,3,11,14,81,20,0,0,1,0.040,0.147,0.187,
396,27,Peter Popovic,D,76,2,12,14,69,21,0,0,0,0.026,0.158,0.184,
397,23,Jean-Francois Jomphe,F,31,2,12,14,39,7,2,0,0,0.065,0.387,0.452,
398,31,Tommy Albelin,D,73,1,13,14,18,1,0,0,0,0.014,0.178,0.192,
399,25,Rob Gaudreau,F,52,8,5,13,15,-19,1,1,0,0.154,0.096,0.250,
400,26,Tie Domi,F,72,7,6,13,297,-3,0,0,1,0.097,0.083,0.181,
401,24,Pavel Bure,F,15,6,7,13,8,-2,1,1,0,0.400,0.467,0.867,
402,26,Adam Burt,D,78,4,9,13,121,-4,0,0,1,0.051,0.115,0.167,
403,29,Terry Carkner,D,73,3,10,13,80,10,1,0,0,0.041,0.137,0.178,
404,29,Mark Tinordi,D,71,3,10,13,113,26,2,0,0,0.042,0.141,0.183,
405,23,Scott Lachance,D,55,3,10,13,54,-19,1,0,0,0.055,0.182,0.236,
406,25,David Roberts,F,34,3,10,13,18,-7,1,0,1,0.088,0.294,0.382,
407,22,Ville Peltonen,F,31,2,11,13,14,-7,0,0,0,0.065,0.355,0.419,
408,26,Jon Rohloff,D,79,1,12,13,59,-8,1,0,0,0.013,0.152,0.165,
409,21,Aaron Gavey,F,73,8,4,12,56,-6,1,1,2,0.110,0.055,0.164,
410,28,Bill Huard,F,51,6,6,12,176,3,0,0,0,0.118,0.118,0.235,
411,28,Jocelyn Lemieux,F,67,5,7,12,45,-19,0,0,0,0.075,0.104,0.179,
412,19,Mathieu Dandenault,D,34,5,7,12,6,6,1,0,0,0.147,0.206,0.353,
413,32,Ron Sutter,F,18,5,7,12,24,10,0,1,0,0.278,0.389,0.667,
414,22,Scott Walker,F,63,4,8,12,137,-7,0,1,1,0.063,0.127,0.190,
415,20,Mike Wilson,D,58,4,8,12,41,13,1,0,1,0.069,0.138,0.207,
416,31,Michel Petit,D,54,4,8,12,135,-11,0,0,1,0.074,0.148,0.222,
417,20,Stanislav Neckar,D,82,3,9,12,54,-16,1,0,0,0.037,0.110,0.146,
418,28,Jamie Huscroft,D,70,3,9,12,162,14,0,0,1,0.043,0.129,0.171,
419,26,Igor Ulanov,D,64,3,9,12,116,11,0,0,1,0.047,0.141,0.188,
420,29,Dana Murzyn,D,69,2,10,12,130,9,0,0,0,0.029,0.145,0.174,
421,27,Glen Featherstone,D,68,2,10,12,138,10,0,0,1,0.029,0.147,0.176,
422,30,Craig Berube,F,50,2,10,12,151,1,1,0,1,0.040,0.200,0.240,
423,31,David Shaw,D,66,1,11,12,64,5,0,0,0,0.015,0.167,0.182,
424,24,Ken Klee,D,66,8,3,11,60,-1,0,1,2,0.121,0.045,0.167,
425,23,Jan Caloun,F,11,8,3,11,0,4,2,0,0,0.727,0.273,1.000,
426,24,Darren Langdon,F,64,7,4,11,175,2,0,0,1,0.109,0.063,0.172,
427,32,Mike Eagles,F,70,4,7,11,75,-1,0,0,0,0.057,0.100,0.157,
428,30,J.J. Daigneault,D,57,4,7,11,53,-6,2,0,0,0.070,0.123,0.193,
429,24,Oleg Petrov,F,36,4,7,11,23,-9,0,0,2,0.111,0.194,0.306,
430,30,Mike Peluso,F,57,3,8,11,146,4,0,0,0,0.053,0.140,0.193,
431,28,Murray Baron,D,82,2,9,11,190,3,0,0,0,0.024,0.110,0.134,
432,26,Luke Richardson,D,82,2,9,11,108,-27,0,0,0,0.024,0.110,0.134,
433,25,Francois Leroux,D,66,2,9,11,161,2,0,0,0,0.030,0.136,0.167,
434,19,Ryan Smyth,F,48,2,9,11,28,-10,1,0,0,0.042,0.188,0.229,
435,32,Kevin Dineen,F,46,2,9,11,117,-1,0,0,0,0.043,0.196,0.239,
436,32,Magnus Svensson,D,27,2,9,11,21,-1,2,0,1,0.074,0.333,0.407,
437,24,Dmitri Yushkevich,D,69,1,10,11,54,-14,1,0,0,0.014,0.145,0.159,
438,26,Dave Archibald,F,44,6,4,10,18,-14,0,0,1,0.136,0.091,0.227,
439,24,Rob Pearson,F,27,6,4,10,54,4,1,0,1,0.222,0.148,0.370,
440,20,Michal Gro?ek,F,23,6,4,10,31,-1,2,0,1,0.261,0.174,0.435,
441,24,Joe Dziedzic,F,69,5,5,10,68,-5,0,0,3,0.072,0.072,0.145,
442,36,Charlie Huddy,D,64,5,5,10,65,-12,2,0,1,0.078,0.078,0.156,
443,32,Bobby Carpenter,F,52,5,5,10,14,-10,0,1,0,0.096,0.096,0.192,
444,28,Rob Cowie,D,46,5,5,10,32,-16,2,0,0,0.109,0.109,0.217,
445,26,Vladimir Tsyplakov,F,23,5,5,10,4,1,0,0,0,0.217,0.217,0.435,
446,19,Richard Park,F,56,4,6,10,36,3,0,1,1,0.071,0.107,0.179,
447,30,Shane Churla,F,55,4,6,10,231,-8,0,0,0,0.073,0.109,0.182,
448,30,Joe Reekie,D,78,3,7,10,149,7,0,0,0,0.038,0.090,0.128,
449,28,Chris Luongo,D,74,3,7,10,55,-23,1,0,0,0.041,0.095,0.135,
450,29,Marc Bureau,F,65,3,7,10,46,-3,0,0,1,0.046,0.108,0.154,
451,31,John Tucker,F,63,3,7,10,18,-8,0,1,0,0.048,0.111,0.159,
452,26,Sheldon Kennedy,F,41,3,7,10,36,3,0,0,1,0.073,0.171,0.244,
453,26,Geoff Smith,D,31,3,7,10,20,-4,2,0,0,0.097,0.226,0.323,
454,25,Christer Olsson,D,26,2,8,10,14,-6,2,0,0,0.077,0.308,0.385,
455,30,Gerald Diduck,D,79,1,9,10,88,7,0,0,0,0.013,0.114,0.127,
456,30,Marc Bergevin,D,70,1,9,10,33,7,0,0,0,0.014,0.129,0.143,
457,22,Martin Lapointe,F,58,6,3,9,93,0,1,0,0,0.103,0.052,0.155,
458,36,Pat Conacher,F,55,6,3,9,18,-13,0,1,2,0.109,0.055,0.164,
459,22,Sami Kapanen,F,35,5,4,9,6,0,0,0,0,0.143,0.114,0.257,
460,25,Dane Jackson,F,22,5,4,9,41,3,0,0,1,0.227,0.182,0.409,
461,21,Steve Sullivan,F,16,5,4,9,8,3,2,0,1,0.313,0.250,0.563,
462,29,Nick Kypreos,F,61,4,5,9,107,1,0,0,1,0.066,0.082,0.148,
463,21,Sergei Brylin,F,50,4,5,9,26,-2,0,0,1,0.080,0.100,0.180,
464,27,Claude Lapointe,F,35,4,5,9,20,1,0,2,1,0.114,0.143,0.257,
465,25,Paul Laus,D,78,3,6,9,236,-2,0,0,0,0.038,0.077,0.115,
466,27,Rob Ray,F,71,3,6,9,287,-8,0,0,0,0.042,0.085,0.127,
467,36,Brad McCrimmon,D,58,3,6,9,62,15,0,1,0,0.052,0.103,0.155,
468,23,Kirk Maltby,F,55,3,6,9,67,-16,0,0,1,0.055,0.109,0.164,
469,27,Franti?ek Kucera,D,54,3,6,9,20,2,0,0,1,0.056,0.111,0.167,
470,22,Rene Corbet,F,33,3,6,9,33,10,0,0,0,0.091,0.182,0.273,
471,23,Dody Wood,F,32,3,6,9,138,0,0,1,0,0.094,0.188,0.281,
472,27,Mark Janssens,F,81,2,7,9,155,-13,0,0,0,0.025,0.086,0.111,
473,26,Jayson More,D,74,2,7,9,147,-32,0,0,0,0.027,0.095,0.122,
474,29,Brent Severyn,D,65,1,8,9,180,3,0,0,0,0.015,0.123,0.138,
475,32,Steve Smith,D,37,0,9,9,71,12,0,0,0,0.000,0.243,0.243,
476,28,Warren Rychel,F,52,6,2,8,147,6,0,0,1,0.115,0.038,0.154,
477,24,Dan Plante,F,73,5,3,8,50,-22,0,2,0,0.068,0.041,0.110,
478,26,Peter White,F,27,5,3,8,0,-14,1,0,0,0.185,0.111,0.296,
479,25,Paul DiPietro,F,20,4,4,8,4,-3,1,0,0,0.200,0.200,0.400,
480,26,Ed Ward,F,41,3,5,8,44,-2,0,0,0,0.073,0.122,0.195,
481,24,Kent Manderville,F,37,3,5,8,38,-5,0,2,0,0.081,0.135,0.216,
482,27,Dean Chynoweth,D,49,2,6,8,128,-5,0,0,0,0.041,0.122,0.163,
483,26,Michel Picard,F,17,2,6,8,10,-1,0,0,1,0.118,0.353,0.471,
484,33,Craig Muni,D,72,1,7,8,106,-6,0,0,0,0.014,0.097,0.111,
485,31,Jim Kyte,D,57,1,7,8,146,-12,0,0,0,0.018,0.123,0.140,
486,23,Darius Kasparaitis,D,46,1,7,8,93,-12,0,0,0,0.022,0.152,0.174,
487,20,Vlastimil Kroupa,D,27,1,7,8,18,-17,0,0,0,0.037,0.259,0.296,
488,34,Jamie Macoun,D,82,0,8,8,87,2,0,0,0,0.000,0.098,0.098,
489,26,Ken Sutton,D,38,0,8,8,43,-13,0,0,0,0.000,0.211,0.211,
490,25,Denny Lambert,F,33,0,8,8,55,-2,0,0,0,0.000,0.242,0.242,
491,21,Brandon Convery,F,11,5,2,7,4,-7,3,0,1,0.455,0.182,0.636,
492,29,Todd Ewen,F,53,4,3,7,285,-5,0,0,1,0.075,0.057,0.132,
493,25,Gino Odjick,F,55,3,4,7,181,-16,0,0,0,0.055,0.073,0.127,
494,26,Scott Daniels,F,53,3,4,7,254,-4,0,0,0,0.057,0.075,0.132,
495,21,Chris Murray,F,48,3,4,7,163,5,0,0,1,0.063,0.083,0.146,
496,24,Sean O'Donnell,D,71,2,5,7,127,3,0,0,0,0.028,0.070,0.099,
497,25,Doug Zmolek,D,58,2,5,7,87,-5,0,0,0,0.034,0.086,0.121,
498,27,Rob Conn,F,28,2,5,7,18,-9,0,0,0,0.071,0.179,0.250,
499,32,Mike Donnelly,F,24,2,5,7,10,-2,0,0,0,0.083,0.208,0.292,
500,28,Dave McLlwain,F,19,2,5,7,6,-5,0,0,1,0.105,0.263,0.368,
501,23,Andrei Vasilyev,F,10,2,5,7,2,4,0,0,1,0.200,0.500,0.700,
502,28,Donald Dufresne,D,45,1,6,7,20,-4,0,0,0,0.022,0.133,0.156,
503,25,Clayton Beddoes,F,39,1,6,7,44,-5,0,0,0,0.026,0.154,0.179,
504,28,Lance Pitlick,D,28,1,6,7,20,-8,0,0,0,0.036,0.214,0.250,
505,28,Dennis Vaske,D,19,1,6,7,21,-13,1,0,1,0.053,0.316,0.368,
506,18,Aki-Petteri Berg,D,51,0,7,7,29,-13,0,0,0,0.000,0.137,0.137,
507,23,Jeff Nelson,F,33,0,7,7,16,3,0,0,0,0.000,0.212,0.212,
508,21,Mike Rathje,D,27,0,7,7,14,-16,0,0,0,0.000,0.259,0.259,
509,26,Jim McKenzie,F,73,4,2,6,202,-4,0,0,0,0.055,0.027,0.082,
510,29,Jim Sandlak,F,33,4,2,6,6,-3,0,1,1,0.121,0.061,0.182,
511,24,Brett Hauer,D,29,4,2,6,30,-11,2,0,1,0.138,0.069,0.207,
512,20,Marty Murray,F,15,3,3,6,0,-4,2,0,0,0.200,0.200,0.400,
513,25,Patrik Juhlin,F,14,3,3,6,17,4,1,0,0,0.214,0.214,0.429,
514,26,James Black,F,13,3,3,6,16,1,0,0,1,0.231,0.231,0.462,
515,22,Andrew Brunette,F,11,3,3,6,0,5,0,0,1,0.273,0.273,0.545,
516,31,Ken Daneyko,D,80,2,4,6,115,-10,0,0,0,0.025,0.050,0.075,
517,29,Ken Baumgartner,F,72,2,4,6,193,-5,0,0,1,0.028,0.056,0.083,
518,25,Enrico Ciccone,D,66,2,4,6,306,1,0,0,0,0.030,0.061,0.091,
519,33,Jim Johnson,D,66,2,4,6,34,-3,0,0,0,0.030,0.061,0.091,
520,28,Kelly Chase,F,55,2,4,6,230,-4,0,0,1,0.036,0.073,0.109,
521,25,Jim Cummins,F,52,2,4,6,180,-1,0,0,2,0.038,0.077,0.115,
522,35,Mike Ramsey,D,47,2,4,6,35,17,0,0,0,0.043,0.085,0.128,
523,26,Brent Grieve,F,28,2,4,6,28,5,0,0,0,0.071,0.143,0.214,
524,22,Nathan Lafayette,F,17,2,4,6,8,-4,1,0,0,0.118,0.235,0.353,
525,28,Jeff Finley,D,65,1,5,6,81,-2,0,0,0,0.015,0.077,0.092,
526,36,Kevin Lowe,D,53,1,5,6,76,20,0,0,0,0.019,0.094,0.113,
527,21,David Wilkie,D,24,1,5,6,10,-10,1,0,0,0.042,0.208,0.250,
528,26,Reid Simpson,F,23,1,5,6,79,2,0,0,0,0.043,0.217,0.261,
529,24,Denis Tsygurov,D,18,1,5,6,22,0,1,0,0,0.056,0.278,0.333,
530,28,Sean Burke,G,66,0,6,6,16,,0,0,0,0.000,0.091,0.091,
531,31,Bob Rouse,D,58,0,6,6,48,5,0,0,0,0.000,0.103,0.103,
532,26,Kevin Dean,D,41,0,6,6,28,4,0,0,0,0.000,0.146,0.146,
533,25,Patrice Tardif,F,38,4,1,5,49,-11,1,0,1,0.105,0.026,0.132,
534,29,Brad Lauer,F,21,4,1,5,6,-5,1,0,1,0.190,0.048,0.238,
535,29,Steven Finn,D,66,3,2,5,126,-12,0,0,0,0.045,0.030,0.076,
536,27,Tony Twist,F,51,3,2,5,100,-1,0,0,1,0.059,0.039,0.098,
537,28,Bill Berg,F,41,3,2,5,41,-6,0,1,0,0.073,0.049,0.122,
538,23,Barry Potomski,F,33,3,2,5,104,-7,1,0,0,0.091,0.061,0.152,
539,20,Alexei Yegorov,F,9,3,2,5,2,-5,2,0,0,0.333,0.222,0.556,
540,25,Troy Mallette,F,64,2,3,5,171,-7,0,0,0,0.031,0.047,0.078,
541,20,Brendan Witt,D,48,2,3,5,85,-4,0,0,1,0.042,0.063,0.104,
542,25,Steve Dubinsky,F,43,2,3,5,14,3,0,0,0,0.047,0.070,0.116,
543,19,Roman Vopat,F,25,2,3,5,48,-8,1,0,1,0.080,0.120,0.200,
544,32,Randy Gilhen,F,22,2,3,5,12,1,0,0,0,0.091,0.136,0.227,
545,22,Jim Campbell,F,16,2,3,5,36,0,1,0,0,0.125,0.188,0.313,
546,23,Brian Loney,F,12,2,3,5,6,2,0,0,0,0.167,0.250,0.417,
547,26,Ken Gernander,F,10,2,3,5,4,-3,2,0,0,0.200,0.300,0.500,
548,26,Dennis Vial,D,64,1,4,5,276,-13,0,0,0,0.016,0.063,0.078,
549,25,Tom Pederson,D,60,1,4,5,40,-9,1,0,1,0.017,0.067,0.083,
550,21,Craig Rivet,D,19,1,4,5,54,4,0,0,0,0.053,0.211,0.263,
551,22,Jan Vopat,D,11,1,4,5,4,3,0,0,0,0.091,0.364,0.455,
552,26,Kip Miller,F,10,1,4,5,2,1,0,0,0,0.100,0.400,0.500,
553,31,Chris Terreri,G,50,0,5,5,4,,0,0,0,0.000,0.100,0.100,
554,28,Bob Beers,D,13,0,5,5,10,-2,0,0,0,0.000,0.385,0.385,
555,26,Scott Pearson,F,27,4,0,4,67,-4,0,0,1,0.148,0.000,0.148,
556,33,Dave Brown,F,37,3,1,4,46,4,0,0,0,0.081,0.027,0.108,
557,20,Denis Pederson,F,10,3,1,4,0,-1,1,0,2,0.300,0.100,0.400,
558,26,Cam Russell,D,61,2,2,4,129,8,0,0,0,0.033,0.033,0.066,
559,20,Chris Wells,F,54,2,2,4,59,-6,0,1,0,0.037,0.037,0.074,
560,23,Mattias Norstrom,D,36,2,2,4,40,-3,0,0,0,0.056,0.056,0.111,
561,26,Daniel Lacroix,F,25,2,2,4,30,-1,0,0,0,0.080,0.080,0.160,
562,22,Mark Kolesar,F,21,2,2,4,14,0,0,0,0,0.095,0.095,0.190,
563,24,Milo? Holan,D,16,2,2,4,24,-12,0,0,0,0.125,0.125,0.250,
564,20,Jamie Langenbrunner,F,12,2,2,4,6,-2,1,0,0,0.167,0.167,0.333,
565,26,Corey Foster,D,11,2,2,4,2,-2,1,0,0,0.182,0.182,0.364,
566,27,Dixon Ward,F,8,2,2,4,6,1,0,0,1,0.250,0.250,0.500,
567,31,Frantisek Musil,D,65,1,3,4,85,-10,0,0,0,0.015,0.046,0.062,
568,25,Shawn Antoski,F,64,1,3,4,204,-4,0,0,0,0.016,0.047,0.063,
569,35,Randy Ladouceur,D,63,1,3,4,47,5,0,0,0,0.016,0.048,0.063,
570,29,Rudy Poeschek,D,57,1,3,4,88,-2,0,0,0,0.018,0.053,0.070,
571,31,Joey Kocur,F,45,1,3,4,68,-7,0,0,0,0.022,0.067,0.089,
572,24,Louie Debrusk,F,38,1,3,4,96,-7,0,0,0,0.026,0.079,0.105,
573,29,Doug Houda,D,38,1,3,4,52,3,0,0,0,0.026,0.079,0.105,
574,23,Steve Martins,F,23,1,3,4,8,-3,0,0,0,0.043,0.130,0.174,
575,22,Derek Armstrong,F,19,1,3,4,14,-6,0,0,0,0.053,0.158,0.211,
576,30,Nikolai Borschevsky,F,12,1,3,4,6,-7,0,0,1,0.083,0.250,0.333,
577,25,Gilbert Dionne,F,7,1,3,4,0,0,0,0,0,0.143,0.429,0.571,
578,23,Donald Brashear,F,67,0,4,4,223,-10,0,0,0,0.000,0.060,0.060,
579,28,Brian Glynn,D,54,0,4,4,44,-15,0,0,0,0.000,0.074,0.074,
580,26,Phil Von Stefenelli,D,27,0,4,4,16,2,0,0,0,0.000,0.148,0.148,
581,23,Marko Kiprusoff,D,24,0,4,4,8,-3,0,0,0,0.000,0.167,0.167,
582,26,Milan Tichy,D,8,0,4,4,8,3,0,0,0,0.000,0.500,0.500,
583,25,Denis Chasse,F,60,3,0,3,125,-14,1,0,1,0.050,0.000,0.050,
584,25,Russ Romaniuk,F,17,3,0,3,17,-2,1,0,0,0.176,0.000,0.176,
585,22,Jason Smith,D,64,2,1,3,86,5,0,0,0,0.031,0.016,0.047,
586,23,Yves Sarault,F,25,2,1,3,8,-9,0,0,1,0.080,0.040,0.120,
587,22,Kevin Smyth,F,21,2,1,3,8,-5,1,0,0,0.095,0.048,0.143,
588,21,Martin Gendron,F,20,2,1,3,8,-5,0,0,0,0.100,0.050,0.150,
589,26,Ricard Persson,D,12,2,1,3,8,5,1,0,0,0.167,0.083,0.250,
590,25,Scott Pellerin,F,6,2,1,3,0,1,0,0,0,0.333,0.167,0.500,
591,34,Craig Ludwig,D,65,1,2,3,70,-17,0,0,0,0.015,0.031,0.046,
592,32,Mike Lalor,D,63,1,2,3,31,-10,0,0,0,0.016,0.032,0.048,
593,26,Kevin Kaminski,F,54,1,2,3,164,-1,0,0,0,0.019,0.037,0.056,
594,23,Chris Osgood,G,50,1,2,3,4,,0,0,0,0.020,0.040,0.060,
595,29,Robert Dirk,D,47,1,2,3,48,8,0,0,0,0.021,0.043,0.064,
596,28,Pat Elynuik,F,29,1,2,3,16,2,0,0,0,0.034,0.069,0.103,
597,25,Janne Laukkanen,D,23,1,2,3,14,-1,1,0,0,0.043,0.087,0.130,
598,23,Rusty Fitzgerald,F,21,1,2,3,12,7,0,0,0,0.048,0.095,0.143,
599,28,Brad Dalgarno,F,18,1,2,3,14,-2,0,0,0,0.056,0.111,0.167,
600,20,Brett Lindros,F,18,1,2,3,47,-6,0,0,0,0.056,0.111,0.167,
601,22,Darren Van Impe,D,16,1,2,3,14,8,0,0,1,0.063,0.125,0.188,
602,22,Ralph Intranuovo,F,13,1,2,3,4,-3,0,0,1,0.077,0.154,0.231,
603,24,Jim Storm,F,10,1,2,3,17,-1,0,0,1,0.100,0.200,0.300,
604,24,Steve Larouche,F,8,1,2,3,4,0,1,0,0,0.125,0.250,0.375,
605,25,Adrien Plavsic,D,7,1,2,3,6,5,0,0,0,0.143,0.286,0.429,
606,26,Rob Blake,D,6,1,2,3,8,0,0,0,0,0.167,0.333,0.500,
607,26,Jim Montgomery,F,5,1,2,3,9,1,0,0,0,0.200,0.400,0.600,
608,29,Bill Ranford,G,77,0,3,3,2,,0,0,0,0.000,0.039,0.039,
609,36,Jay Wells,D,76,0,3,3,67,-8,0,0,0,0.000,0.039,0.039,
610,30,Trent Yawney,D,69,0,3,3,88,-1,0,0,0,0.000,0.043,0.043,
611,30,Tom Barrasso,G,49,0,3,3,18,,0,0,0,0.000,0.061,0.061,
612,19,Rhett Warrener,D,28,0,3,3,46,4,0,0,0,0.000,0.107,0.107,
613,27,Richard Pilon,D,27,0,3,3,72,-9,0,0,0,0.000,0.111,0.111,
614,20,Jason Allison,F,19,0,3,3,2,-3,0,0,0,0.000,0.158,0.158,
615,25,Brett Harkins,F,8,0,3,3,6,-2,0,0,0,0.000,0.375,0.375,
616,30,Uwe Krupp,D,6,0,3,3,4,4,0,0,0,0.000,0.500,0.500,
617,35,Tim Hunter,F,60,2,0,2,122,-8,0,0,1,0.033,0.000,0.033,
618,23,Scott Fraser,F,15,2,0,2,4,-1,0,0,0,0.133,0.000,0.133,
619,23,Yanick Dupre,F,12,2,0,2,8,0,0,0,1,0.167,0.000,0.167,
620,26,Steven King,F,7,2,0,2,15,-1,1,0,1,0.286,0.000,0.286,
621,22,Alek Stojanov,F,68,1,1,2,130,-13,0,0,0,0.015,0.015,0.029,
622,23,Ian Moran,D,51,1,1,2,47,-1,0,0,0,0.020,0.020,0.039,
623,27,Kevin Dahl,D,32,1,1,2,26,-2,0,0,1,0.031,0.031,0.063,
624,29,Mick Vukota,F,32,1,1,2,106,-3,0,0,0,0.031,0.031,0.063,
625,23,Jassen Cullimore,D,27,1,1,2,21,4,0,0,1,0.037,0.037,0.074,
626,33,Chris Dahlquist,D,24,1,1,2,14,-7,0,0,0,0.042,0.042,0.083,
627,34,Basil McRae,F,18,1,1,2,40,-5,0,0,0,0.056,0.056,0.111,
628,25,Phil Crowe,F,16,1,1,2,28,0,0,0,0,0.063,0.063,0.125,
629,18,Jason Doig,D,15,1,1,2,28,-2,0,0,0,0.067,0.067,0.133,
630,33,Phil Bourque,F,13,1,1,2,14,-3,0,0,0,0.077,0.077,0.154,
631,22,Greg de Vries,D,13,1,1,2,12,-2,0,0,0,0.077,0.077,0.154,
632,26,Iain Fraser,F,12,1,1,2,4,1,0,0,0,0.083,0.083,0.167,
633,22,Paul Brousseau,F,8,1,1,2,2,1,0,0,0,0.125,0.125,0.250,
634,20,Zdenek Nedved,F,7,1,1,2,6,-1,0,0,0,0.143,0.143,0.286,
635,22,Brad Smyth,F,7,1,1,2,4,-3,1,0,0,0.143,0.143,0.286,
636,22,Robert Petrovicky,F,5,1,1,2,0,1,1,0,1,0.200,0.200,0.400,
637,26,Jean-Yves Roy,F,4,1,1,2,2,3,0,0,0,0.250,0.250,0.500,
638,32,John Vanbiesbrouck,G,57,0,2,2,10,,0,0,0,0.000,0.035,0.035,
639,30,Ed Belfour,G,50,0,2,2,36,,0,0,0,0.000,0.040,0.040,
640,23,Trevor Kidd,G,47,0,2,2,4,,0,0,0,0.000,0.043,0.043,
641,26,Damian Rhodes,G,47,0,2,2,4,,0,0,0,0.000,0.043,0.043,
642,29,Kirk McLean,G,45,0,2,2,6,,0,0,0,0.000,0.044,0.044,
643,26,Rick Tabaracci,G,43,0,2,2,8,,0,0,0,0.000,0.047,0.047,
644,20,Rory Fitzpatrick,D,42,0,2,2,18,-7,0,0,0,0.000,0.048,0.048,
645,34,Don Beaupre,G,41,0,2,2,31,,0,0,0,0.000,0.049,0.049,
646,23,Corey Hirsch,G,41,0,2,2,2,,0,0,0,0.000,0.049,0.049,
647,25,Dean Malkoc,D,41,0,2,2,136,-10,0,0,0,0.000,0.049,0.049,
648,31,Ken Wregget,G,37,0,2,2,8,,0,0,0,0.000,0.054,0.054,
649,23,Ed Patterson,F,35,0,2,2,38,-5,0,0,0,0.000,0.057,0.057,
650,30,Mikhail Shtalenkov,G,30,0,2,2,2,,0,0,0,0.000,0.067,0.067,
651,25,Scott Levins,F,27,0,2,2,80,-3,0,0,0,0.000,0.074,0.074,
652,19,Jason Bonsignore,F,20,0,2,2,4,-6,0,0,0,0.000,0.100,0.100,
653,23,Aris Brimanis,D,17,0,2,2,12,-1,0,0,0,0.000,0.118,0.118,
654,23,Craig Darby,F,10,0,2,2,0,-1,0,0,0,0.000,0.200,0.200,
655,19,David Nemirovsky,F,9,0,2,2,2,-1,0,0,0,0.000,0.222,0.222,
656,19,Craig Mills,F,4,0,2,2,0,0,0,0,0,0.000,0.500,0.500,
657,22,Tyler Wright,F,23,1,0,1,33,-7,0,0,0,0.043,0.000,0.043,
658,36,Alexei Kasatonov,D,19,1,0,1,12,1,0,0,0,0.053,0.000,0.053,
659,25,Craig Ferguson,F,18,1,0,1,6,-9,0,0,0,0.056,0.000,0.056,
660,27,Troy Crowder,F,15,1,0,1,42,-3,0,0,0,0.067,0.000,0.067,
661,28,Danton Cole,F,12,1,0,1,0,0,0,0,0,0.083,0.000,0.083,
662,27,Jimmy Carson,F,11,1,0,1,0,1,0,0,0,0.091,0.000,0.091,
663,24,Dan Kordic,F,9,1,0,1,31,1,0,0,0,0.111,0.000,0.111,
664,21,Kevin Brown,F,7,1,0,1,4,-2,0,0,0,0.143,0.000,0.143,
665,25,Vyacheslav Butsayev,F,7,1,0,1,0,-4,0,0,0,0.143,0.000,0.143,
666,20,Landon Wilson,F,7,1,0,1,6,3,0,0,0,0.143,0.000,0.143,
667,20,Ladislav Kohn,F,5,1,0,1,2,-1,0,0,0,0.200,0.000,0.200,
668,20,Larry Courville,F,3,1,0,1,0,1,0,0,1,0.333,0.000,0.333,
669,26,Steve Poapst,D,3,1,0,1,0,-1,0,0,1,0.333,0.000,0.333,
670,22,Chris Ferraro,F,2,1,0,1,0,-3,1,0,0,0.500,0.000,0.500,
671,33,Grant Fuhr,G,79,0,1,1,8,,0,0,0,0.000,0.013,0.013,
672,23,Martin Brodeur,G,77,0,1,1,6,,0,0,0,0.000,0.013,0.013,
673,21,Jim Carey,G,71,0,1,1,6,,0,0,0,0.000,0.014,0.014,
674,30,Dominik Ha?ek,G,59,0,1,1,6,,0,0,0,0.000,0.017,0.017,
675,30,Daren Puppa,G,57,0,1,1,4,,0,0,0,0.000,0.018,0.018,
676,30,Stu Grimson,F,56,0,1,1,128,-10,0,0,0,0.000,0.018,0.018,
677,31,Ron Hextall,G,53,0,1,1,28,,0,0,0,0.000,0.019,0.019,
678,33,Glenn Healy,G,44,0,1,1,8,,0,0,0,0.000,0.023,0.023,
679,29,Mike Richter,G,41,0,1,1,4,,0,0,0,0.000,0.024,0.024,
680,25,Stephane Fiset,G,37,0,1,1,2,,0,0,0,0.000,0.027,0.027,
681,27,Jeff Hackett,G,35,0,1,1,8,,0,0,0,0.000,0.029,0.029,
682,28,Curtis Joseph,G,34,0,1,1,4,,0,0,0,0.000,0.029,0.029,
683,24,Bob Boughner,D,31,0,1,1,104,3,0,0,0,0.000,0.032,0.032,
684,25,Stewart Malgunas,D,30,0,1,1,32,-10,0,0,0,0.000,0.033,0.033,
685,27,Rob Zettler,D,29,0,1,1,48,-1,0,0,0,0.000,0.034,0.034,
686,20,Eric Fichaud,G,24,0,1,1,0,,0,0,0,0.000,0.042,0.042,
687,28,Pat Jablonski,G,24,0,1,1,2,,0,0,0,0.000,0.042,0.042,
688,24,Jason Marshall,D,24,0,1,1,42,3,0,0,0,0.000,0.042,0.042,
689,25,Eric Charron,D,18,0,1,1,22,-3,0,0,0,0.000,0.056,0.056,
690,28,Dallas Eakins,D,18,0,1,1,34,-1,0,0,0,0.000,0.056,0.056,
691,30,Paul Broten,F,17,0,1,1,4,-1,0,0,0,0.000,0.059,0.059,
692,33,Greg Gilbert,F,17,0,1,1,8,-1,0,0,0,0.000,0.059,0.059,
693,21,Jarrett Deuling,F,14,0,1,1,11,-1,0,0,0,0.000,0.071,0.071,
694,21,Drew Bannister,D,13,0,1,1,4,-1,0,0,0,0.000,0.077,0.077,
695,30,Bob Bassen,F,13,0,1,1,15,-6,0,0,0,0.000,0.077,0.077,
696,31,Bob Kudelski,F,13,0,1,1,0,1,0,0,0,0.000,0.077,0.077,
697,23,Mark Lawrence,F,13,0,1,1,17,0,0,0,0,0.000,0.077,0.077,
698,26,Micah Aivazoff,F,12,0,1,1,6,-6,0,0,0,0.000,0.083,0.083,
699,23,Chris Taylor,F,11,0,1,1,2,1,0,0,0,0.000,0.091,0.091,
700,24,Brent Thompson,D,10,0,1,1,21,-2,0,0,0,0.000,0.100,0.100,
701,20,Ethan Moreau,F,8,0,1,1,4,1,0,0,0,0.000,0.125,0.125,
702,23,Sean Pronger,F,7,0,1,1,6,0,0,0,0,0.000,0.143,0.143,
703,22,Peter Ferraro,F,5,0,1,1,0,-5,0,0,0,0.000,0.200,0.200,
704,22,Jamie Pushor,D,5,0,1,1,17,2,0,0,0,0.000,0.200,0.200,
705,19,Daymond Langkow,F,4,0,1,1,0,-1,0,0,0,0.000,0.250,0.250,
706,20,Anders Myrvold,D,4,0,1,1,6,-2,0,0,0,0.000,0.250,0.250,
707,25,Barry Richter,D,4,0,1,1,0,2,0,0,0,0.000,0.250,0.250,
708,22,Lonny Bohonos,F,3,0,1,1,0,1,0,0,0,0.000,0.333,0.333,
709,22,Andreas Johansson,F,3,0,1,1,0,1,0,0,0,0.000,0.333,0.333,
710,25,Dwayne Norris,F,3,0,1,1,2,0,0,0,0,0.000,0.333,0.333,
711,21,Jeremy Stevenson,F,3,0,1,1,12,1,0,0,0,0.000,0.333,0.333,
712,30,Arto Blomsten,D,2,0,1,1,0,1,0,0,0,0.000,0.500,0.500,
713,22,Francois Groleau,D,2,0,1,1,2,2,0,0,0,0.000,0.500,0.500,
714,19,Josef Marha,F,2,0,1,1,0,1,0,0,0,0.000,0.500,0.500,
715,22,Kelly Fairchild,F,1,0,1,1,2,1,0,0,0,0.000,1.000,1.000,
716,25,Jason Herter,D,1,0,1,1,0,1,0,0,0,0.000,1.000,1.000,
717,18,Jay McKee,D,1,0,1,1,2,1,0,0,0,0.000,1.000,1.000,
718,20,Steve Washburn,F,1,0,1,1,0,1,0,0,0,0.000,1.000,1.000,
719,24,Felix Potvin,G,69,0,0,0,4,,0,0,0,0.000,0.000,0.000,
720,30,Patrick Roy,G,61,0,0,0,10,,0,0,0,0.000,0.000,0.000,
721,28,Guy Hebert,G,59,0,0,0,6,,0,0,0,0.000,0.000,0.000,
722,22,Nikolai Khabibulin,G,53,0,0,0,12,,0,0,0,0.000,0.000,0.000,
723,26,Tommy Soderstrom,G,51,0,0,0,7,,0,0,0,0.000,0.000,0.000,
724,20,Jocelyn Thibault,G,50,0,0,0,2,,0,0,0,0.000,0.000,0.000,
725,24,Byron Dafoe,G,47,0,0,0,6,,0,0,0,0.000,0.000,0.000,
726,35,Andy Moog,G,41,0,0,0,28,,0,0,0,0.000,0.000,0.000,
727,29,Darcy Wakaluk,G,37,0,0,0,6,,0,0,0,0.000,0.000,0.000,
728,34,Kelly Hrudey,G,36,0,0,0,4,,0,0,0,0.000,0.000,0.000,
729,27,Mark Fitzpatrick,G,34,0,0,0,12,,0,0,0,0.000,0.000,0.000,
730,32,Mike Vernon,G,32,0,0,0,2,,0,0,0,0.000,0.000,0.000,
731,27,Tim Cheveldae,G,30,0,0,0,0,,0,0,0,0.000,0.000,0.000,
732,29,Craig Billington,G,27,0,0,0,2,,0,0,0,0.000,0.000,0.000,
733,28,Marc Potvin,F,27,0,0,0,12,-2,0,0,0,0.000,0.000,0.000,
734,29,Jeff Reese,G,26,0,0,0,0,,0,0,0,0.000,0.000,0.000,
735,26,Garth Snow,G,26,0,0,0,18,,0,0,0,0.000,0.000,0.000,
736,27,Wade Flaherty,G,24,0,0,0,0,,0,0,0,0.000,0.000,0.000,
737,28,Arturs Irbe,G,22,0,0,0,4,,0,0,0,0.000,0.000,0.000,
738,25,Jason Muzzatti,G,22,0,0,0,33,,0,0,0,0.000,0.000,0.000,
739,26,Andrei Trefilov,G,22,0,0,0,4,,0,0,0,0.000,0.000,0.000,
740,24,Chris Lipuma,D,21,0,0,0,13,-7,0,0,0,0.000,0.000,0.000,
741,24,Mike Bales,G,20,0,0,0,2,,0,0,0,0.000,0.000,0.000,
742,25,Olaf Kolzig,G,18,0,0,0,2,,0,0,0,0.000,0.000,0.000,
743,27,Ed Ronan,F,17,0,0,0,16,-3,0,0,0,0.000,0.000,0.000,
744,22,Joaquin Gage,G,16,0,0,0,4,,0,0,0,0.000,0.000,0.000,
745,25,Dominic Roussel,G,16,0,0,0,2,,0,0,0,0.000,0.000,0.000,
746,25,John Gruden,D,14,0,0,0,4,-3,0,0,0,0.000,0.000,0.000,
747,27,Dan Keczmer,D,13,0,0,0,14,-6,0,0,0,0.000,0.000,0.000,
748,24,Matt Martin,D,13,0,0,0,14,-1,0,0,0,0.000,0.000,0.000,
749,24,Jamie McLennan,G,13,0,0,0,2,,0,0,0,0.000,0.000,0.000,
750,27,Jean-Claude Bergeron,G,12,0,0,0,0,,0,0,0,0.000,0.000,0.000,
751,25,Blaine Lacher,G,12,0,0,0,4,,0,0,0,0.000,0.000,0.000,
752,22,Steve Staios,F,12,0,0,0,4,-5,0,0,0,0.000,0.000,0.000,
753,23,Scott Bailey,G,11,0,0,0,0,,0,0,0,0.000,0.000,0.000,
754,22,Cale Hulse,D,11,0,0,0,20,1,0,0,0,0.000,0.000,0.000,
755,29,Bruce Racine,G,11,0,0,0,2,,0,0,0,0.000,0.000,0.000,
756,31,Allan Bester,G,10,0,0,0,2,,0,0,0,0.000,0.000,0.000,
757,24,Tommy Salo,G,10,0,0,0,0,,0,0,0,0.000,0.000,0.000,
758,25,Corey Schwab,G,10,0,0,0,31,,0,0,0,0.000,0.000,0.000,
759,33,Jon Casey,G,9,0,0,0,0,,0,0,0,0.000,0.000,0.000,
760,21,Mike Prokopec,F,9,0,0,0,5,-4,0,0,0,0.000,0.000,0.000,
761,26,Brad Werenka,D,9,0,0,0,8,-2,0,0,0,0.000,0.000,0.000,
762,25,Peter Allen,D,8,0,0,0,8,2,0,0,0,0.000,0.000,0.000,
763,22,Dennis Bonvie,F,8,0,0,0,47,-3,0,0,0,0.000,0.000,0.000,
764,30,Paul Cavallini,D,8,0,0,0,6,-3,0,0,0,0.000,0.000,0.000,
765,29,Bob Halkidis,D,8,0,0,0,37,-4,0,0,0,0.000,0.000,0.000,
766,31,Oleg Mikulchik,D,8,0,0,0,4,-2,0,0,0,0.000,0.000,0.000,
767,21,Kevin Sawyer,F,8,0,0,0,28,-1,0,0,0,0.000,0.000,0.000,
768,21,Ken Belanger,F,7,0,0,0,27,-2,0,0,0,0.000,0.000,0.000,
769,23,Fred Brathwaite,G,7,0,0,0,2,,0,0,0,0.000,0.000,0.000,
770,24,Craig Conroy,F,7,0,0,0,2,-4,0,0,0,0.000,0.000,0.000,
771,23,Ivan Droppa,D,7,0,0,0,2,2,0,0,0,0.000,0.000,0.000,
772,20,Marek Malik,D,7,0,0,0,4,-3,0,0,0,0.000,0.000,0.000,
773,25,Davis Payne,F,7,0,0,0,7,0,0,0,0,0.000,0.000,0.000,
774,32,Joe Cirella,D,6,0,0,0,4,-3,0,0,0,0.000,0.000,0.000,
775,23,Mark Cornforth,D,6,0,0,0,4,4,0,0,0,0.000,0.000,0.000,
776,30,Grant Jennings,D,6,0,0,0,28,1,0,0,0,0.000,0.000,0.000,
777,26,Daniel Laperriere,D,6,0,0,0,4,2,0,0,0,0.000,0.000,0.000,
778,28,Mike MacWilliam,F,6,0,0,0,14,-1,0,0,0,0.000,0.000,0.000,
779,22,Todd Simpson,D,6,0,0,0,32,0,0,0,0,0.000,0.000,0.000,
780,24,Cameron Stewart,F,6,0,0,0,0,-2,0,0,0,0.000,0.000,0.000,
781,26,Len Barrie,F,5,0,0,0,18,-1,0,0,0,0.000,0.000,0.000,
782,29,John Blue,G,5,0,0,0,0,,0,0,0,0.000,0.000,0.000,
783,22,Allan Egeland,F,5,0,0,0,2,0,0,0,0,0.000,0.000,0.000,
784,21,Manny Fernandez,G,5,0,0,0,0,,0,0,0,0.000,0.000,0.000,
785,24,Jamie Heward,D,5,0,0,0,0,-1,0,0,0,0.000,0.000,0.000,
786,24,Aaron Miller,D,5,0,0,0,0,0,0,0,0,0.000,0.000,0.000,
787,22,Bryan Muir,D,5,0,0,0,6,-4,0,0,0,0.000,0.000,0.000,
788,26,Darren Rumble,D,5,0,0,0,4,0,0,0,0,0.000,0.000,0.000,
789,20,Jamie Storr,G,5,0,0,0,0,,0,0,0,0.000,0.000,0.000,
790,21,Patrick Traverse,D,5,0,0,0,2,-1,0,0,0,0.000,0.000,0.000,
791,24,Vesa Viitakoski,F,5,0,0,0,2,-1,0,0,0,0.000,0.000,0.000,
792,20,Sebastien Bordeleau,F,4,0,0,0,0,-1,0,0,0,0.000,0.000,0.000,
793,21,Joel Bouchard,D,4,0,0,0,4,0,0,0,0,0.000,0.000,0.000,
794,19,Curtis Brown,F,4,0,0,0,0,0,0,0,0,0.000,0.000,0.000,
795,25,Dan Bylsma,F,4,0,0,0,0,0,0,0,0,0.000,0.000,0.000,
796,23,Ravil Gusmanov,F,4,0,0,0,0,-3,0,0,0,0.000,0.000,0.000,
797,25,Todd Hlushko,F,4,0,0,0,6,0,0,0,0,0.000,0.000,0.000,
798,23,Kevin Hodson,G,4,0,0,0,0,,0,0,0,0.000,0.000,0.000,
799,31,Don McSween,D,4,0,0,0,4,0,0,0,0,0.000,0.000,0.000,
800,23,Grigorijs Pantelejevs,F,4,0,0,0,0,-3,0,0,0,0.000,0.000,0.000,
801,26,Geoff Sarjeant,G,4,0,0,0,2,,0,0,0,0.000,0.000,0.000,
802,22,Jason Widmer,D,4,0,0,0,7,0,0,0,0,0.000,0.000,0.000,
803,21,Derek Wilkinson,G,4,0,0,0,2,,0,0,0,0.000,0.000,0.000,
804,18,Martin Biron,G,3,0,0,0,0,,0,0,0,0.000,0.000,0.000,
805,27,Mike Casselman,F,3,0,0,0,0,-1,0,0,0,0.000,0.000,0.000,
806,25,Jeff Christian,F,3,0,0,0,2,0,0,0,0,0.000,0.000,0.000,
807,25,Alexander Godynyuk,D,3,0,0,0,2,-1,0,0,0,0.000,0.000,0.000,
808,23,Ryan Hughes,F,3,0,0,0,0,0,0,0,0,0.000,0.000,0.000,
809,24,Dan Kesa,F,3,0,0,0,0,-1,0,0,0,0.000,0.000,0.000,
810,27,Daniel Marois,F,3,0,0,0,2,0,0,0,0,0.000,0.000,0.000,
811,21,Jason McBain,D,3,0,0,0,0,-1,0,0,0,0.000,0.000,0.000,
812,20,Barrie Moore,F,3,0,0,0,0,0,0,0,0,0.000,0.000,0.000,
813,20,Jamie Rivers,D,3,0,0,0,2,-1,0,0,0,0.000,0.000,0.000,
814,20,Andre Roy,F,3,0,0,0,0,0,0,0,0,0.000,0.000,0.000,
815,20,Darcy Tucker,F,3,0,0,0,0,-1,0,0,0,0.000,0.000,0.000,
816,26,Greg Andrusak,D,2,0,0,0,0,-1,0,0,0,0.000,0.000,0.000,
817,20,Ruslan Batyrshin,D,2,0,0,0,6,0,0,0,0,0.000,0.000,0.000,
818,20,Stefan Bergkvist,D,2,0,0,0,2,0,0,0,0,0.000,0.000,0.000,
819,22,Jason Bowen,D,2,0,0,0,2,0,0,0,0,0.000,0.000,0.000,
820,24,Zac Boyer,F,2,0,0,0,0,0,0,0,0,0.000,0.000,0.000,
821,20,Patrick Cote,F,2,0,0,0,5,-2,0,0,0,0.000,0.000,0.000,
822,24,Patrick Labrecque,G,2,0,0,0,2,,0,0,0,0.000,0.000,0.000,
823,26,Pat MaCleod,D,2,0,0,0,0,0,0,0,0,0.000,0.000,0.000,
824,21,Scott Nichol,F,2,0,0,0,10,0,0,0,0,0.000,0.000,0.000,
825,19,Wayne Primeau,F,2,0,0,0,0,0,0,0,0,0.000,0.000,0.000,
826,23,Steve Shields,G,2,0,0,0,2,,0,0,0,0.000,0.000,0.000,
827,21,Nick Stajduhar,D,2,0,0,0,4,2,0,0,0,0.000,0.000,0.000,
828,22,Niklas Sundblad,F,2,0,0,0,0,0,0,0,0,0.000,0.000,0.000,
829,25,Wes Walz,F,2,0,0,0,0,0,0,0,0,0.000,0.000,0.000,
830,19,Nolan Baumgartner,D,1,0,0,0,0,-1,0,0,0,0.000,0.000,0.000,
831,28,Sergei Bautin,D,1,0,0,0,2,-1,0,0,0,0.000,0.000,0.000,
832,23,Drake Berehowsky,D,1,0,0,0,0,1,0,0,0,0.000,0.000,0.000,
833,29,Tom Draper,G,1,0,0,0,0,,0,0,0,0.000,0.000,0.000,
834,19,Patrik Elia?,F,1,0,0,0,0,-1,0,0,0,0.000,0.000,0.000,
835,20,Anders Eriksson,D,1,0,0,0,2,1,0,0,0,0.000,0.000,0.000,
836,19,Sean Haggerty,F,1,0,0,0,0,0,0,0,0,0.000,0.000,0.000,
837,24,David Harlock,D,1,0,0,0,0,0,0,0,0,0.000,0.000,0.000,
838,20,Matt Johnson,F,1,0,0,0,5,0,0,0,0,0.000,0.000,0.000,
839,26,Fred Knipscheer,F,1,0,0,0,2,0,0,0,0,0.000,0.000,0.000,
840,31,Mark Lamb,F,1,0,0,0,0,0,0,0,0,0.000,0.000,0.000,
841,20,Scott Langkow,G,1,0,0,0,0,,0,0,0,0.000,0.000,0.000,
842,23,John Lilley,F,1,0,0,0,0,-1,0,0,0,0.000,0.000,0.000,
843,28,Rob Murray,F,1,0,0,0,2,-1,0,0,0,0.000,0.000,0.000,
844,24,Jamie Ram,G,1,0,0,0,0,,0,0,0,0.000,0.000,0.000,
845,25,Travis Richards,D,1,0,0,0,2,-1,0,0,0,0.000,0.000,0.000,
846,24,Jarrod Skalde,F,1,0,0,0,0,0,0,0,0,0.000,0.000,0.000,
847,20,Jason Strudwick,D,1,0,0,0,7,0,0,0,0,0.000,0.000,0.000,
848,22,Robbie Tallas,G,1,0,0,0,0,,0,0,0,0.000,0.000,0.000,
849,19,Jose Theodore,G,1,0,0,0,0,,0,0,0,0.000,0.000,0.000,
850,21,Jeff Toms,F,1,0,0,0,0,0,0,0,0,0.000,0.000,0.000,
851,19,Vaclav Varad'a,F,1,0,0,0,0,0,0,0,0,0.000,0.000,0.000,
852,20,Alexander Vasilevski,F,1,0,0,0,0,-1,0,0,0,0.000,0.000,0.000,
853,26,Jim Waite,G,1,0,0,0,0,,0,0,0,0.000,0.000,0.000,
854,20,Jordan Willis,G,1,0,0,0,0,,0,0,0,0.000,0.000,0.000,
855,19,Richard Zednik,F,1,0,0,0,0,0,0,0,0,0.000,0.000,0.000,
